,backoff,has_more,items,page,quota_max,quota_remaining,total
0,0,False,"{u'question_id': 35914758, u'last_activity_date': 1496047297, u'creation_date': 1457614705, u'score': 230, u'owner': {u'user_id': 2298241, u'profile_image': u'https://i.stack.imgur.com/kWH39.jpg?s=128&g=1', u'user_type': u'registered', u'reputation': 7256, u'link': u'https://stackoverflow.com/users/2298241/ivo-stoyanov', u'accept_rate': 40, u'display_name': u'Ivo Stoyanov'}, u'is_accepted': True, u'last_edit_date': 1496047297, u'answer_id': 35917202}",1,300,257,0
1,0,False,"{u'question_id': 36013063, u'last_activity_date': 1495020813, u'creation_date': 1458053350, u'score': 43, u'owner': {u'user_id': 670206, u'profile_image': u'https://www.gravatar.com/avatar/08d285c964555cd9953d70981fd03f27?s=128&d=identicon&r=PG', u'user_type': u'registered', u'reputation': 48123, u'link': u'https://stackoverflow.com/users/670206/suever', u'accept_rate': 100, u'display_name': u'Suever'}, u'is_accepted': True, u'last_edit_date': 1495020813, u'answer_id': 36014586}",1,300,257,0
2,0,False,"{u'question_id': 36012239, u'last_activity_date': 1493842041, u'creation_date': 1461822484, u'score': 40, u'owner': {u'user_id': 217408, u'profile_image': u'https://i.stack.imgur.com/IlnZm.jpg?s=128&g=1', u'user_type': u'registered', u'reputation': 191331, u'link': u'https://stackoverflow.com/users/217408/g%c3%bcnter-z%c3%b6chbauer', u'accept_rate': 98, u'display_name': u'G&#252;nter Z&#246;chbauer'}, u'is_accepted': True, u'last_edit_date': 1493842041, u'answer_id': 36906251}",1,300,257,0
3,0,False,"{u'question_id': 35844586, u'last_activity_date': 1493830013, u'creation_date': 1457356273, u'score': 100, u'owner': {u'user_id': 1687119, u'profile_image': u'https://www.gravatar.com/avatar/f9c3036c1979d65847da3bdc271bb5b9?s=128&d=identicon&r=PG', u'user_type': u'registered', u'reputation': 50191, u'link': u'https://stackoverflow.com/users/1687119/dbush', u'accept_rate': 83, u'display_name': u'dbush'}, u'is_accepted': True, u'last_edit_date': 1493830013, u'answer_id': 35844670}",1,300,257,0
4,0,False,"{u'question_id': 35931526, u'last_activity_date': 1491989074, u'creation_date': 1457673533, u'score': 49, u'owner': {u'user_id': 209103, u'profile_image': u'https://www.gravatar.com/avatar/12d378e6a9788ab9c94bbafe242b82b4?s=128&d=identicon&r=PG', u'user_type': u'registered', u'reputation': 114677, u'link': u'https://stackoverflow.com/users/209103/frank-van-puffelen', u'accept_rate': 71, u'display_name': u'Frank van Puffelen'}, u'is_accepted': True, u'last_edit_date': 1491989074, u'answer_id': 35932786}",1,300,257,0
5,0,False,"{u'question_id': 36032177, u'last_activity_date': 1489830167, u'creation_date': 1458125859, u'score': 116, u'owner': {u'user_id': 3152529, u'profile_image': u'https://i.stack.imgur.com/Y1A4R.png?s=128&g=1', u'user_type': u'registered', u'reputation': 5967, u'link': u'https://stackoverflow.com/users/3152529/jaydroider', u'accept_rate': 21, u'display_name': u'jaydroider'}, u'is_accepted': True, u'last_edit_date': 1489830167, u'answer_id': 36033640}",1,300,257,0
6,0,False,"{u'question_id': 35985347, u'last_activity_date': 1489701955, u'creation_date': 1457952556, u'score': 20, u'owner': {u'user_id': 1873365, u'profile_image': u'https://i.stack.imgur.com/45TMV.png?s=128&g=1', u'user_type': u'registered', u'reputation': 90956, u'link': u'https://stackoverflow.com/users/1873365/thierry-templier', u'accept_rate': 82, u'display_name': u'Thierry Templier'}, u'is_accepted': True, u'last_edit_date': 1489701955, u'answer_id': 35985489}",1,300,257,0
7,0,False,"{u'question_id': 35906568, u'last_activity_date': 1489571470, u'creation_date': 1457578384, u'score': 89, u'owner': {u'user_id': 1305067, u'profile_image': u'https://i.stack.imgur.com/HI2TR.png?s=128&g=1', u'user_type': u'registered', u'reputation': 4436, u'link': u'https://stackoverflow.com/users/1305067/paulvs', u'accept_rate': 45, u'display_name': u'paulvs'}, u'is_accepted': True, u'last_edit_date': 1489571470, u'answer_id': 35906703}",1,300,257,0
8,0,False,"{u'question_id': 35937875, u'last_activity_date': 1489562208, u'creation_date': 1457692423, u'score': 66, u'owner': {u'user_id': 2298241, u'profile_image': u'https://i.stack.imgur.com/kWH39.jpg?s=128&g=1', u'user_type': u'registered', u'reputation': 7256, u'link': u'https://stackoverflow.com/users/2298241/ivo-stoyanov', u'accept_rate': 40, u'display_name': u'Ivo Stoyanov'}, u'is_accepted': True, u'last_edit_date': 1489562208, u'answer_id': 35937876}",1,300,257,0
9,0,False,"{u'question_id': 35979642, u'last_activity_date': 1489055163, u'creation_date': 1457930984, u'score': 86, u'owner': {u'user_id': 1755598, u'profile_image': u'https://i.stack.imgur.com/S6a50.jpg?s=128&g=1', u'user_type': u'registered', u'reputation': 27328, u'link': u'https://stackoverflow.com/users/1755598/codewizard', u'display_name': u'CodeWizard'}, u'is_accepted': True, u'last_edit_date': 1489055163, u'answer_id': 35979751}",1,300,257,0
10,0,False,"{u'question_id': 35941566, u'last_activity_date': 1488793560, u'creation_date': 1457703351, u'score': 42, u'owner': {u'user_id': 216074, u'profile_image': u'https://www.gravatar.com/avatar/609c93bafd659500f83fde04802a9be5?s=128&d=identicon&r=PG', u'user_type': u'registered', u'reputation': 148080, u'link': u'https://stackoverflow.com/users/216074/poke', u'accept_rate': 91, u'display_name': u'poke'}, u'is_accepted': True, u'last_edit_date': 1488793560, u'answer_id': 35941658}",1,300,257,0
11,0,False,"{u'question_id': 35899331, u'last_activity_date': 1488422759, u'creation_date': 1488422759, u'score': 39, u'owner': {u'user_id': 842013, u'profile_image': u'https://www.gravatar.com/avatar/ec6175ba2e6f5a28427d123a41537213?s=128&d=identicon&r=PG', u'user_type': u'registered', u'reputation': 641, u'link': u'https://stackoverflow.com/users/842013/trevorgk', u'accept_rate': 60, u'display_name': u'trevorgk'}, u'is_accepted': True, u'answer_id': 42545915}",1,300,257,0
12,0,False,"{u'question_id': 35845554, u'last_activity_date': 1488265818, u'creation_date': 1457361062, u'score': 49, u'owner': {u'user_id': 5043867, u'profile_image': u'https://i.stack.imgur.com/KlnKx.jpg?s=128&g=1', u'user_type': u'registered', u'reputation': 14644, u'link': u'https://stackoverflow.com/users/5043867/pardeep-jain', u'accept_rate': 51, u'display_name': u'Pardeep Jain'}, u'is_accepted': True, u'last_edit_date': 1495540044, u'answer_id': 35846307}",1,300,257,0
13,0,False,"{u'question_id': 35945001, u'last_activity_date': 1487153600, u'creation_date': 1457713874, u'score': 167, u'owner': {u'user_id': 217408, u'profile_image': u'https://i.stack.imgur.com/IlnZm.jpg?s=128&g=1', u'user_type': u'registered', u'reputation': 191331, u'link': u'https://stackoverflow.com/users/217408/g%c3%bcnter-z%c3%b6chbauer', u'accept_rate': 98, u'display_name': u'G&#252;nter Z&#246;chbauer'}, u'is_accepted': True, u'last_edit_date': 1487153600, u'answer_id': 35945293}",1,300,257,0
14,0,False,"{u'question_id': 35810172, u'last_activity_date': 1487002295, u'creation_date': 1457202257, u'score': 29, u'owner': {u'user_id': 5000417, u'profile_image': u'https://graph.facebook.com/1122700087757034/picture?type=large', u'user_type': u'registered', u'reputation': 326, u'link': u'https://stackoverflow.com/users/5000417/vlado', u'accept_rate': 50, u'display_name': u'Vlado'}, u'is_accepted': True, u'last_edit_date': 1487002295, u'answer_id': 35817969}",1,300,257,0
15,0,False,"{u'question_id': 35835984, u'last_activity_date': 1484674307, u'creation_date': 1457323322, u'score': 45, u'owner': {u'user_id': 39396, u'profile_image': u'https://www.gravatar.com/avatar/bb9303c5d001063fb89084ea45f97ec4?s=128&d=identicon&r=PG', u'user_type': u'registered', u'reputation': 4894, u'link': u'https://stackoverflow.com/users/39396/carl-g', u'accept_rate': 81, u'display_name': u'Carl G'}, u'is_accepted': True, u'last_edit_date': 1484674307, u'answer_id': 35835985}",1,300,257,0
16,0,False,"{u'question_id': 35912932, u'last_activity_date': 1483611358, u'creation_date': 1457603495, u'score': 58, u'owner': {u'user_id': 217408, u'profile_image': u'https://i.stack.imgur.com/IlnZm.jpg?s=128&g=1', u'user_type': u'registered', u'reputation': 191331, u'link': u'https://stackoverflow.com/users/217408/g%c3%bcnter-z%c3%b6chbauer', u'accept_rate': 98, u'display_name': u'G&#252;nter Z&#246;chbauer'}, u'is_accepted': True, u'last_edit_date': 1495542396, u'answer_id': 35912966}",1,300,257,0
17,0,False,"{u'question_id': 35864957, u'last_activity_date': 1483288389, u'creation_date': 1457439292, u'score': 32, u'owner': {u'user_id': 5436257, u'profile_image': u'https://i.stack.imgur.com/PFbFW.jpg?s=128&g=1', u'user_type': u'registered', u'reputation': 7106, u'link': u'https://stackoverflow.com/users/5436257/joe-clay', u'accept_rate': 100, u'display_name': u'Joe Clay'}, u'is_accepted': True, u'last_edit_date': 1483288389, u'answer_id': 35867133}",1,300,257,0
18,0,False,"{u'question_id': 36050741, u'last_activity_date': 1483074455, u'creation_date': 1458629583, u'score': 71, u'owner': {u'user_id': 3792350, u'profile_image': u'https://www.gravatar.com/avatar/14a5b8ef39e1f9bbbcb025ef8053b9f9?s=128&d=identicon&r=PG', u'user_type': u'registered', u'reputation': 1947, u'link': u'https://stackoverflow.com/users/3792350/sakim', u'display_name': u'sakiM'}, u'is_accepted': True, u'last_edit_date': 1483074455, u'answer_id': 36147896}",1,300,257,0
19,0,False,"{u'question_id': 35985592, u'last_activity_date': 1482124729, u'creation_date': 1457953026, u'score': 77, u'owner': {u'user_id': 2659313, u'profile_image': u'https://www.gravatar.com/avatar/9828b91aef4c2b3cf14f3501e0a20e33?s=128&d=identicon&r=PG', u'user_type': u'registered', u'reputation': 25901, u'link': u'https://stackoverflow.com/users/2659313/mohit-jain', u'accept_rate': 100, u'display_name': u'Mohit Jain'}, u'is_accepted': True, u'last_edit_date': 1482124729, u'answer_id': 35985655}",1,300,257,0
20,0,False,"{u'question_id': 35832095, u'last_activity_date': 1481770475, u'creation_date': 1474625998, u'score': 45, u'owner': {u'user_id': 4879270, u'profile_image': u'https://i.stack.imgur.com/MU8BU.jpg?s=128&g=1', u'user_type': u'registered', u'reputation': 1368, u'link': u'https://stackoverflow.com/users/4879270/windsooon', u'accept_rate': 62, u'display_name': u'Windsooon'}, u'is_accepted': True, u'last_edit_date': 1481770475, u'answer_id': 39658359}",1,300,257,0
21,0,False,"{u'question_id': 35925627, u'last_activity_date': 1478777169, u'creation_date': 1458301436, u'score': 40, u'owner': {u'user_id': 902276, u'profile_image': u'https://i.stack.imgur.com/eLAjw.jpg?s=128&g=1', u'user_type': u'registered', u'reputation': 6374, u'link': u'https://stackoverflow.com/users/902276/daniele-segato', u'accept_rate': 43, u'display_name': u'Daniele Segato'}, u'is_accepted': True, u'last_edit_date': 1478777169, u'answer_id': 36083490}",1,300,257,0
22,0,False,"{u'question_id': 35809290, u'last_activity_date': 1477954693, u'creation_date': 1457145460, u'score': 30, u'owner': {u'user_id': 3992148, u'profile_image': u'https://www.gravatar.com/avatar/fa0e77e467d622680db5dce8aca2473f?s=128&d=identicon&r=PG&f=1', u'user_type': u'registered', u'reputation': 1558, u'link': u'https://stackoverflow.com/users/3992148/joe-maher', u'accept_rate': 100, u'display_name': u'Joe Maher'}, u'is_accepted': True, u'last_edit_date': 1477954693, u'answer_id': 35809319}",1,300,257,0
23,0,False,"{u'question_id': 36013174, u'last_activity_date': 1476907407, u'creation_date': 1476893092, u'score': 23, u'owner': {u'user_id': 858671, u'profile_image': u'https://i.stack.imgur.com/L6aUH.jpg?s=128&g=1', u'user_type': u'registered', u'reputation': 10493, u'link': u'https://stackoverflow.com/users/858671/josh1billion', u'accept_rate': 94, u'display_name': u'Josh1billion'}, u'is_accepted': True, u'last_edit_date': 1476907407, u'answer_id': 40136506}",1,300,257,0
24,0,False,"{u'question_id': 35931946, u'last_activity_date': 1476441081, u'creation_date': 1457668786, u'score': 80, u'owner': {u'user_id': 3681880, u'profile_image': u'https://www.gravatar.com/avatar/3b7ad8915f552cd4e23caf38eee10030?s=128&d=identicon&r=PG', u'user_type': u'registered', u'reputation': 97039, u'link': u'https://stackoverflow.com/users/3681880/suragch', u'accept_rate': 90, u'display_name': u'Suragch'}, u'is_accepted': True, u'last_edit_date': 1495542396, u'answer_id': 35931947}",1,300,257,0
25,0,False,"{u'question_id': 35990995, u'last_activity_date': 1476278976, u'creation_date': 1458105715, u'score': 227, u'owner': {u'user_id': 6069742, u'profile_image': u'https://lh4.googleusercontent.com/-hlgpNDnGBgs/AAAAAAAAAAI/AAAAAAAAAHE/98REtA2VPfY/photo.jpg?sz=128', u'user_type': u'registered', u'reputation': 2298, u'link': u'https://stackoverflow.com/users/6069742/rudy-kurniawan', u'display_name': u'Rudy Kurniawan'}, u'is_accepted': True, u'last_edit_date': 1476278976, u'answer_id': 36027375}",1,300,257,0
26,0,False,"{u'question_id': 36034715, u'last_activity_date': 1474326745, u'creation_date': 1474326745, u'score': -3, u'owner': {u'user_id': 4533997, u'profile_image': u'https://lh4.googleusercontent.com/-7VYypSjQlFQ/AAAAAAAAAAI/AAAAAAAAAGM/W2cfWpm-LOM/photo.jpg?sz=128', u'user_type': u'registered', u'reputation': 185, u'link': u'https://stackoverflow.com/users/4533997/daniel-perez', u'display_name': u'Daniel Perez'}, u'is_accepted': True, u'answer_id': 39583424}",1,300,257,0
27,0,False,"{u'question_id': 35930283, u'last_activity_date': 1472852942, u'creation_date': 1462989886, u'score': 4, u'owner': {u'user_id': 1930474, u'profile_image': u'https://i.stack.imgur.com/4vQry.jpg?s=128&g=1', u'user_type': u'registered', u'reputation': 169, u'link': u'https://stackoverflow.com/users/1930474/doc-kodam', u'accept_rate': 88, u'display_name': u'Doc Kodam'}, u'is_accepted': True, u'last_edit_date': 1472852942, u'answer_id': 37170238}",1,300,257,0
28,0,False,"{u'question_id': 35951818, u'last_activity_date': 1472592254, u'creation_date': 1457798277, u'score': 24, u'owner': {u'user_id': 88656, u'profile_image': u'https://www.gravatar.com/avatar/6fbdff3ffb6f111d172759b4f05bea0e?s=128&d=identicon&r=PG', u'user_type': u'registered', u'reputation': 453585, u'link': u'https://stackoverflow.com/users/88656/eric-lippert', u'display_name': u'Eric Lippert'}, u'is_accepted': True, u'last_edit_date': 1472592254, u'answer_id': 35959910}",1,300,257,0
29,0,False,"{u'question_id': 35881815, u'last_activity_date': 1469689940, u'creation_date': 1458119563, u'score': 71, u'owner': {u'user_id': 1401751, u'profile_image': u'https://www.gravatar.com/avatar/ac755d7989f8f31023ebccad17398e93?s=128&d=identicon&r=PG', u'user_type': u'registered', u'reputation': 1768, u'link': u'https://stackoverflow.com/users/1401751/ofer-herman', u'display_name': u'Ofer Herman'}, u'is_accepted': True, u'last_edit_date': 1469689940, u'answer_id': 36031162}",1,300,257,0
30,0,False,"{u'question_id': 36033940, u'last_activity_date': 1467212160, u'creation_date': 1458129566, u'score': 63, u'owner': {u'user_id': 949476, u'profile_image': u'https://www.gravatar.com/avatar/8feb0675d5ebf4c11ed13885347cc970?s=128&d=identicon&r=PG', u'user_type': u'registered', u'reputation': 139797, u'link': u'https://stackoverflow.com/users/949476/dfsq', u'display_name': u'dfsq'}, u'is_accepted': True, u'last_edit_date': 1467212160, u'answer_id': 36035086}",1,300,257,0
31,0,False,"{u'question_id': 35888012, u'last_activity_date': 1467079994, u'creation_date': 1467079994, u'score': 10, u'owner': {u'user_id': 267540, u'profile_image': u'https://i.stack.imgur.com/2v58W.jpg?s=128&g=1', u'user_type': u'registered', u'reputation': 35385, u'link': u'https://stackoverflow.com/users/267540/e4c5', u'display_name': u'e4c5'}, u'is_accepted': True, u'answer_id': 38066008}",1,300,257,0
32,0,False,"{u'question_id': 35874482, u'last_activity_date': 1466542431, u'creation_date': 1463109935, u'score': 35, u'owner': {u'user_id': 4052855, u'profile_image': u'https://lh3.googleusercontent.com/-mAz6FbjBiyI/AAAAAAAAAAI/AAAAAAAAAHs/2mcCy6ViXA4/photo.jpg?sz=128', u'user_type': u'registered', u'reputation': 1119, u'link': u'https://stackoverflow.com/users/4052855/nesar', u'display_name': u'Nesar'}, u'is_accepted': True, u'last_edit_date': 1466542431, u'answer_id': 37200737}",1,300,257,0
33,0,False,"{u'question_id': 35931355, u'last_activity_date': 1466436247, u'creation_date': 1466436247, u'score': 9, u'owner': {u'user_id': 4782, u'profile_image': u'https://www.gravatar.com/avatar/850aa09e891970d0d3c126146dd23cb6?s=128&d=identicon&r=PG', u'user_type': u'registered', u'reputation': 17048, u'link': u'https://stackoverflow.com/users/4782/chris', u'accept_rate': 58, u'display_name': u'chris'}, u'is_accepted': True, u'answer_id': 37926225}",1,300,257,0
34,0,False,"{u'question_id': 35890257, u'last_activity_date': 1466089139, u'creation_date': 1457546737, u'score': 24, u'owner': {u'user_id': 1118886, u'profile_image': u'https://www.gravatar.com/avatar/772a3e4e8c1ac1b7e88ede97695e9e84?s=128&d=identicon&r=PG', u'user_type': u'registered', u'reputation': 4094, u'link': u'https://stackoverflow.com/users/1118886/sheraz-ahmad-khilji', u'accept_rate': 70, u'display_name': u'Sheraz Ahmad Khilji'}, u'is_accepted': True, u'last_edit_date': 1466089139, u'answer_id': 35899240}",1,300,257,0
35,0,False,"{u'question_id': 35860436, u'last_activity_date': 1465071796, u'creation_date': 1463162849, u'score': 57, u'owner': {u'user_id': 3217683, u'profile_image': u'https://www.gravatar.com/avatar/0bb0f69fe312aec841b2fe815be12dc7?s=128&d=identicon&r=PG&f=1', u'user_type': u'registered', u'reputation': 610, u'link': u'https://stackoverflow.com/users/3217683/joelion', u'display_name': u'joelion'}, u'is_accepted': True, u'last_edit_date': 1465071796, u'answer_id': 37216638}",1,300,257,0
36,0,False,"{u'question_id': 35854481, u'last_activity_date': 1464786778, u'creation_date': 1464708765, u'score': 11, u'owner': {u'user_id': 122718, u'profile_image': u'https://i.stack.imgur.com/213Kw.png?s=128&g=1', u'user_type': u'registered', u'reputation': 132187, u'link': u'https://stackoverflow.com/users/122718/usr', u'accept_rate': 88, u'display_name': u'usr'}, u'is_accepted': True, u'last_edit_date': 1464786778, u'answer_id': 37549911}",1,300,257,0
37,0,False,"{u'question_id': 35987493, u'last_activity_date': 1463668669, u'creation_date': 1457959472, u'score': 64, u'owner': {u'user_id': 60281, u'profile_image': u'https://www.gravatar.com/avatar/29ebf39f3857b4fc4f51e93e7b9c4af4?s=128&d=identicon&r=PG', u'user_type': u'registered', u'reputation': 39802, u'link': u'https://stackoverflow.com/users/60281/devsolar', u'accept_rate': 98, u'display_name': u'DevSolar'}, u'is_accepted': True, u'last_edit_date': 1463668669, u'answer_id': 35987910}",1,300,257,0
38,0,False,"{u'question_id': 36024013, u'last_activity_date': 1463080726, u'creation_date': 1463080726, u'score': 1, u'owner': {u'user_id': 1323992, u'profile_image': u'https://i.stack.imgur.com/EMVpU.jpg?s=128&g=1', u'user_type': u'registered', u'reputation': 370, u'link': u'https://stackoverflow.com/users/1323992/fake-fish', u'accept_rate': 100, u'display_name': u'Fake Fish'}, u'is_accepted': True, u'answer_id': 37195688}",1,300,257,0
39,0,False,"{u'question_id': 35844279, u'last_activity_date': 1463051038, u'creation_date': 1457355378, u'score': 54, u'owner': {u'user_id': 2173917, u'profile_image': u'https://i.stack.imgur.com/y9F5X.jpg?s=128&g=1', u'user_type': u'registered', u'reputation': 91100, u'link': u'https://stackoverflow.com/users/2173917/sourav-ghosh', u'accept_rate': 78, u'display_name': u'Sourav Ghosh'}, u'is_accepted': True, u'last_edit_date': 1463051038, u'answer_id': 35844334}",1,300,257,0
40,0,False,"{u'question_id': 35902973, u'last_activity_date': 1462289464, u'creation_date': 1462289464, u'score': 10, u'owner': {u'user_id': 6251951, u'profile_image': u'https://www.gravatar.com/avatar/ca5fc54bb322165007036374a18d60b4?s=128&d=identicon&r=PG&f=1', u'user_type': u'registered', u'reputation': 454, u'link': u'https://stackoverflow.com/users/6251951/neuralmer', u'display_name': u'neuralmer'}, u'is_accepted': True, u'answer_id': 37008353}",1,300,257,0
41,0,False,"{u'question_id': 35969247, u'last_activity_date': 1461320404, u'creation_date': 1461320404, u'score': 0, u'owner': {u'user_id': 3901630, u'profile_image': u'https://www.gravatar.com/avatar/468c014f2810e164efff5ee5592b95f6?s=128&d=identicon&r=PG&f=1', u'user_type': u'registered', u'reputation': 684, u'link': u'https://stackoverflow.com/users/3901630/amol-suryawanshi', u'display_name': u'Amol Suryawanshi'}, u'is_accepted': True, u'answer_id': 36791121}",1,300,257,0
42,0,False,"{u'question_id': 35992681, u'last_activity_date': 1460463967, u'creation_date': 1458072588, u'score': 19, u'owner': {u'user_id': 5115932, u'profile_image': u'https://www.gravatar.com/avatar/406bcc54409b571a5b172a423cc4b6d4?s=128&d=identicon&r=PG', u'user_type': u'registered', u'reputation': 4571, u'link': u'https://stackoverflow.com/users/5115932/bryan', u'accept_rate': 74, u'display_name': u'Bryan'}, u'is_accepted': True, u'last_edit_date': 1460463967, u'answer_id': 36021145}",1,300,257,0
43,0,False,"{u'question_id': 35841620, u'last_activity_date': 1459255027, u'creation_date': 1457709172, u'score': 56, u'owner': {u'user_id': 4688119, u'profile_image': u'https://i.stack.imgur.com/ajaGK.png?s=128&g=1', u'user_type': u'registered', u'reputation': 3816, u'link': u'https://stackoverflow.com/users/4688119/ashish-ahuja', u'accept_rate': 100, u'display_name': u'Ashish Ahuja'}, u'is_accepted': True, u'last_edit_date': 1459255027, u'answer_id': 35943677}",1,300,257,0
44,0,False,"{u'question_id': 36046167, u'last_activity_date': 1458993247, u'creation_date': 1458224195, u'score': 34, u'owner': {u'user_id': 699305, u'profile_image': u'https://www.gravatar.com/avatar/db6ce45b5ec86e1b00d922fc5cee315f?s=128&d=identicon&r=PG', u'user_type': u'registered', u'reputation': 26598, u'link': u'https://stackoverflow.com/users/699305/alexis', u'accept_rate': 64, u'display_name': u'alexis'}, u'is_accepted': True, u'last_edit_date': 1495541416, u'answer_id': 36063184}",1,300,257,0
45,0,False,"{u'question_id': 35914565, u'last_activity_date': 1458677890, u'creation_date': 1457608309, u'score': 412, u'owner': {u'user_id': 4145357, u'profile_image': u'https://www.gravatar.com/avatar/cb69dfc27a0e4e613992ca159a716855?s=128&d=identicon&r=PG&f=1', u'user_type': u'registered', u'reputation': 4136, u'link': u'https://stackoverflow.com/users/4145357/elvis-heh', u'display_name': u'Elvis Heh'}, u'is_accepted': True, u'last_edit_date': 1458677890, u'answer_id': 35914788}",1,300,257,0
46,0,False,"{u'question_id': 36039146, u'last_activity_date': 1458402473, u'creation_date': 1458402473, u'score': 28, u'owner': {u'user_id': 1934903, u'profile_image': u'https://www.gravatar.com/avatar/76bdc41c55536cde6af2a7fc165ce0a0?s=128&d=identicon&r=PG', u'user_type': u'registered', u'reputation': 3811, u'link': u'https://stackoverflow.com/users/1934903/chris-schmitz', u'accept_rate': 87, u'display_name': u'Chris Schmitz'}, u'is_accepted': True, u'answer_id': 36103767}",1,300,257,0
47,0,False,"{u'question_id': 36051891, u'last_activity_date': 1458241745, u'creation_date': 1458241745, u'score': 100, u'owner': {u'user_id': 21872, u'profile_image': u'https://www.gravatar.com/avatar/776be71b8b62d88575ccc6d15492bf02?s=128&d=identicon&r=PG', u'user_type': u'registered', u'reputation': 1704, u'link': u'https://stackoverflow.com/users/21872/steropes', u'accept_rate': 100, u'display_name': u'Steropes'}, u'is_accepted': True, u'answer_id': 36069603}",1,300,257,0
48,0,False,"{u'question_id': 36008621, u'last_activity_date': 1458240735, u'creation_date': 1458037811, u'score': 119, u'owner': {u'user_id': 1870803, u'profile_image': u'https://i.stack.imgur.com/Q6TvT.jpg?s=128&g=1', u'user_type': u'registered', u'reputation': 87379, u'link': u'https://stackoverflow.com/users/1870803/yuval-itzchakov', u'accept_rate': 100, u'display_name': u'Yuval Itzchakov'}, u'is_accepted': True, u'last_edit_date': 1458240735, u'answer_id': 36008655}",1,300,257,0
49,0,False,"{u'question_id': 36058577, u'last_activity_date': 1458212599, u'creation_date': 1458212599, u'score': 101, u'owner': {u'user_id': 2380830, u'profile_image': u'https://i.stack.imgur.com/5qiYa.jpg?s=128&g=1', u'user_type': u'registered', u'reputation': 112947, u'link': u'https://stackoverflow.com/users/2380830/bathsheba', u'accept_rate': 88, u'display_name': u'Bathsheba'}, u'is_accepted': True, u'answer_id': 36058683}",1,300,257,0
50,0,False,"{u'question_id': 36049689, u'last_activity_date': 1458187978, u'creation_date': 1458176244, u'score': 41, u'owner': {u'user_id': 1477667, u'profile_image': u'https://i.stack.imgur.com/trgKM.jpg?s=128&g=1', u'user_type': u'registered', u'reputation': 26070, u'link': u'https://stackoverflow.com/users/1477667/dfeuer', u'accept_rate': 56, u'display_name': u'dfeuer'}, u'is_accepted': True, u'last_edit_date': 1458187978, u'answer_id': 36049794}",1,300,257,0
51,0,False,"{u'question_id': 35980786, u'last_activity_date': 1458145070, u'creation_date': 1457937924, u'score': 22, u'owner': {u'user_id': 106224, u'profile_image': u'https://www.gravatar.com/avatar/a2d818d801ce38a33807f68fdd92043a?s=128&d=identicon&r=PG', u'user_type': u'moderator', u'reputation': 425118, u'link': u'https://stackoverflow.com/users/106224/boltclock', u'accept_rate': 95, u'display_name': u'BoltClock'}, u'is_accepted': True, u'last_edit_date': 1458145070, u'answer_id': 35981104}",1,300,257,0
52,0,False,"{u'question_id': 36016369, u'last_activity_date': 1458119210, u'creation_date': 1458065693, u'score': 59, u'owner': {u'user_id': 2837959, u'profile_image': u'https://i.stack.imgur.com/AM2TL.png?s=128&g=1', u'user_type': u'registered', u'reputation': 20669, u'link': u'https://stackoverflow.com/users/2837959/mattia-maestrini', u'display_name': u'Mattia Maestrini'}, u'is_accepted': True, u'last_edit_date': 1458119210, u'answer_id': 36019034}",1,300,257,0
53,0,False,"{u'question_id': 36007044, u'last_activity_date': 1458072945, u'creation_date': 1458034357, u'score': 6, u'owner': {u'user_id': 451600, u'profile_image': u'https://i.stack.imgur.com/qYIUW.jpg?s=128&g=1', u'user_type': u'registered', u'reputation': 10643, u'link': u'https://stackoverflow.com/users/451600/captain-giraffe', u'accept_rate': 91, u'display_name': u'Captain Giraffe'}, u'is_accepted': True, u'last_edit_date': 1458072945, u'answer_id': 36007338}",1,300,257,0
54,0,False,"{u'question_id': 36010942, u'last_activity_date': 1458044461, u'creation_date': 1458044461, u'score': 64, u'owner': {u'user_id': 244647, u'profile_image': u'https://www.gravatar.com/avatar/6406f4e1a2435a81887e083d7fe9c5f9?s=128&d=identicon&r=PG', u'user_type': u'registered', u'reputation': 18288, u'link': u'https://stackoverflow.com/users/244647/tomik', u'accept_rate': 75, u'display_name': u'Tomik'}, u'is_accepted': True, u'answer_id': 36011233}",1,300,257,0
55,0,False,"{u'question_id': 36004810, u'last_activity_date': 1458041297, u'creation_date': 1458041297, u'score': -1, u'owner': {u'user_id': 1137034, u'profile_image': u'https://www.gravatar.com/avatar/c26861d9114b27960fa236d8dfb2d8ca?s=128&d=identicon&r=PG', u'user_type': u'registered', u'reputation': 1449, u'link': u'https://stackoverflow.com/users/1137034/minna-zacharias', u'accept_rate': 33, u'display_name': u'Minna zacharias'}, u'is_accepted': True, u'answer_id': 36010037}",1,300,257,0
56,0,False,"{u'question_id': 35879185, u'last_activity_date': 1458000960, u'creation_date': 1457738046, u'score': 14, u'owner': {u'user_id': 5032339, u'profile_image': u'https://www.gravatar.com/avatar/e3f89c7c930ef491ddc8b3de518ef667?s=128&d=identicon&r=PG&f=1', u'user_type': u'registered', u'reputation': 3619, u'link': u'https://stackoverflow.com/users/5032339/roman', u'display_name': u'Roman'}, u'is_accepted': True, u'last_edit_date': 1495541729, u'answer_id': 35951584}",1,300,257,0
57,0,False,"{u'question_id': 35993029, u'last_activity_date': 1457986540, u'creation_date': 1457973371, u'score': 50, u'owner': {u'user_id': 440558, u'profile_image': u'https://i.stack.imgur.com/9ZYta.jpg?s=128&g=1', u'user_type': u'registered', u'reputation': 236712, u'link': u'https://stackoverflow.com/users/440558/some-programmer-dude', u'accept_rate': 75, u'display_name': u'Some programmer dude'}, u'is_accepted': True, u'last_edit_date': 1457986540, u'answer_id': 35993090}",1,300,257,0
58,0,False,"{u'question_id': 35993541, u'last_activity_date': 1457981073, u'creation_date': 1457977145, u'score': 10, u'owner': {u'user_id': 868975, u'profile_image': u'https://i.stack.imgur.com/YLmDb.png?s=128&g=1', u'user_type': u'registered', u'reputation': 1921, u'link': u'https://stackoverflow.com/users/868975/bax', u'accept_rate': 71, u'display_name': u'Bax'}, u'is_accepted': True, u'last_edit_date': 1457981073, u'answer_id': 35994373}",1,300,257,0
59,0,False,"{u'question_id': 35987055, u'last_activity_date': 1457970608, u'creation_date': 1457969045, u'score': 25, u'owner': {u'user_id': 2225281, u'profile_image': u'https://www.gravatar.com/avatar/71156aec1325d8a1a20751655ef9be44?s=128&d=identicon&r=PG', u'user_type': u'registered', u'reputation': 7717, u'link': u'https://stackoverflow.com/users/2225281/aaron', u'accept_rate': 78, u'display_name': u'Aaron'}, u'is_accepted': True, u'last_edit_date': 1457970608, u'answer_id': 35991491}",1,300,257,0
60,0,False,"{u'question_id': 35985009, u'last_activity_date': 1457965583, u'creation_date': 1457951367, u'score': 31, u'owner': {u'user_id': 1873365, u'profile_image': u'https://i.stack.imgur.com/45TMV.png?s=128&g=1', u'user_type': u'registered', u'reputation': 90956, u'link': u'https://stackoverflow.com/users/1873365/thierry-templier', u'accept_rate': 82, u'display_name': u'Thierry Templier'}, u'is_accepted': True, u'last_edit_date': 1495541432, u'answer_id': 35985045}",1,300,257,0
61,0,False,"{u'question_id': 35947296, u'last_activity_date': 1457957859, u'creation_date': 1457721583, u'score': 11, u'owner': {u'user_id': 3647361, u'profile_image': u'https://i.stack.imgur.com/xvjhM.png?s=128&g=1', u'user_type': u'registered', u'reputation': 46836, u'link': u'https://stackoverflow.com/users/3647361/columbo', u'accept_rate': 83, u'display_name': u'Columbo'}, u'is_accepted': True, u'last_edit_date': 1495542894, u'answer_id': 35947572}",1,300,257,0
62,0,False,"{u'question_id': 35984788, u'last_activity_date': 1457951681, u'creation_date': 1457950910, u'score': 27, u'owner': {u'user_id': 3309790, u'profile_image': u'https://www.gravatar.com/avatar/7d1c7e499132b9945b412ac79d0e22f7?s=128&d=identicon&r=PG&f=1', u'user_type': u'registered', u'reputation': 53418, u'link': u'https://stackoverflow.com/users/3309790/songyuanyao', u'accept_rate': 88, u'display_name': u'songyuanyao'}, u'is_accepted': True, u'last_edit_date': 1457951681, u'answer_id': 35984878}",1,300,257,0
63,0,False,"{u'question_id': 35977147, u'last_activity_date': 1457928142, u'creation_date': 1457926987, u'score': 25, u'owner': {u'user_id': 6058962, u'profile_image': u'https://www.gravatar.com/avatar/8bb99ca4c8c59e8b8496962d42c26a2f?s=128&d=identicon&r=PG', u'user_type': u'registered', u'reputation': 266, u'link': u'https://stackoverflow.com/users/6058962/ken-i', u'display_name': u'Ken I.'}, u'is_accepted': True, u'last_edit_date': 1457928142, u'answer_id': 35979190}",1,300,257,0
64,0,False,"{u'question_id': 35937453, u'last_activity_date': 1457909193, u'creation_date': 1457908570, u'score': 46, u'owner': {u'user_id': 3395687, u'profile_image': u'https://i.stack.imgur.com/UtfoE.jpg?s=128&g=1', u'user_type': u'registered', u'reputation': 730, u'link': u'https://stackoverflow.com/users/3395687/efemoney', u'display_name': u'efemoney'}, u'is_accepted': True, u'last_edit_date': 1457909193, u'answer_id': 35976745}",1,300,257,0
65,0,False,"{u'question_id': 35928580, u'last_activity_date': 1457898349, u'creation_date': 1457898349, u'score': 63, u'owner': {u'user_id': 1919641, u'profile_image': u'https://i.stack.imgur.com/6KTf1.jpg?s=128&g=1', u'user_type': u'registered', u'reputation': 8255, u'link': u'https://stackoverflow.com/users/1919641/mjosh', u'accept_rate': 59, u'display_name': u'mjosh'}, u'is_accepted': True, u'answer_id': 35974928}",1,300,257,0
66,0,False,"{u'question_id': 35963144, u'last_activity_date': 1457887129, u'creation_date': 1457887129, u'score': 52, u'owner': {u'user_id': 5860087, u'profile_image': u'https://lh5.googleusercontent.com/-oUctGAQH4Oo/AAAAAAAAAAI/AAAAAAAADp4/zi8qUIl_h9s/photo.jpg?sz=128', u'user_type': u'registered', u'reputation': 716, u'link': u'https://stackoverflow.com/users/5860087/jatin-jha', u'display_name': u'Jatin Jha'}, u'is_accepted': True, u'answer_id': 35972824}",1,300,257,0
67,0,False,"{u'question_id': 35943551, u'last_activity_date': 1457872909, u'creation_date': 1457709328, u'score': 19, u'owner': {u'user_id': 2069064, u'profile_image': u'https://i.stack.imgur.com/e4V2X.jpg?s=128&g=1', u'user_type': u'registered', u'reputation': 125991, u'link': u'https://stackoverflow.com/users/2069064/barry', u'accept_rate': 73, u'display_name': u'Barry'}, u'is_accepted': True, u'last_edit_date': 1457872909, u'answer_id': 35943728}",1,300,257,0
68,0,False,"{u'question_id': 35968365, u'last_activity_date': 1457863510, u'creation_date': 1457861898, u'score': 18, u'owner': {u'user_id': 3920048, u'profile_image': u'https://www.gravatar.com/avatar/6835ea45a2beb9eae04d6c447c38aeac?s=128&d=identicon&r=PG&f=1', u'user_type': u'registered', u'reputation': 13711, u'link': u'https://stackoverflow.com/users/3920048/misha', u'display_name': u'Misha'}, u'is_accepted': True, u'last_edit_date': 1457863510, u'answer_id': 35968701}",1,300,257,0
69,0,False,"{u'question_id': 35953210, u'last_activity_date': 1457817764, u'creation_date': 1457817764, u'score': 105, u'owner': {u'user_id': 3574081, u'profile_image': u'https://i.stack.imgur.com/LIW6C.jpg?s=128&g=1', u'user_type': u'registered', u'reputation': 53048, u'link': u'https://stackoverflow.com/users/3574081/mrry', u'display_name': u'mrry'}, u'is_accepted': True, u'answer_id': 35963479}",1,300,257,0
70,0,False,"{u'question_id': 35911302, u'last_activity_date': 1457816319, u'creation_date': 1457816319, u'score': 39, u'owner': {u'user_id': 5827864, u'profile_image': u'https://lh3.googleusercontent.com/-LkmgBtEIt70/AAAAAAAAAAI/AAAAAAAAAG0/7guBUl6ycq4/photo.jpg?sz=128', u'user_type': u'registered', u'reputation': 591, u'link': u'https://stackoverflow.com/users/5827864/mark', u'display_name': u'Mark'}, u'is_accepted': True, u'answer_id': 35963238}",1,300,257,0
71,0,False,"{u'question_id': 35959350, u'last_activity_date': 1457798815, u'creation_date': 1457798815, u'score': 272, u'owner': {u'user_id': 289901, u'profile_image': u'https://www.gravatar.com/avatar/20a169d5838b2e7dc0cf105122819f9b?s=128&d=identicon&r=PG', u'user_type': u'registered', u'reputation': 4185, u'link': u'https://stackoverflow.com/users/289901/paul', u'accept_rate': 81, u'display_name': u'Paul'}, u'is_accepted': True, u'answer_id': 35960019}",1,300,257,0
72,0,False,"{u'question_id': 35959372, u'last_activity_date': 1457797370, u'creation_date': 1457797370, u'score': 41, u'owner': {u'user_id': 1035889, u'profile_image': u'https://i.stack.imgur.com/F0tHt.png?s=128&g=1', u'user_type': u'registered', u'reputation': 8180, u'link': u'https://stackoverflow.com/users/1035889/amid', u'accept_rate': 92, u'display_name': u'Amid'}, u'is_accepted': True, u'answer_id': 35959710}",1,300,257,0
73,0,False,"{u'question_id': 35956217, u'last_activity_date': 1457777670, u'creation_date': 1457777281, u'score': 12, u'owner': {u'user_id': 5375403, u'profile_image': u'https://i.stack.imgur.com/20iV9.png?s=128&g=1', u'user_type': u'registered', u'reputation': 7334, u'link': u'https://stackoverflow.com/users/5375403/jiri-tousek', u'display_name': u'Jiri Tousek'}, u'is_accepted': True, u'last_edit_date': 1457777670, u'answer_id': 35956274}",1,300,257,0
74,0,False,"{u'question_id': 35953848, u'last_activity_date': 1457758329, u'creation_date': 1457758329, u'score': 37, u'owner': {u'user_id': 1589521, u'profile_image': u'https://www.gravatar.com/avatar/0d5648ca49b5a61ea2f3464936362009?s=128&d=identicon&r=PG', u'user_type': u'registered', u'reputation': 1576, u'link': u'https://stackoverflow.com/users/1589521/ted-a', u'display_name': u'Ted A.'}, u'is_accepted': True, u'answer_id': 35953918}",1,300,257,0
75,0,False,"{u'question_id': 35949554, u'last_activity_date': 1457729380, u'creation_date': 1457729276, u'score': 206, u'owner': {u'user_id': 3887516, u'profile_image': u'https://www.gravatar.com/avatar/62e0310897139a10f3293022b6eb7054?s=128&d=identicon&r=PG&f=1', u'user_type': u'registered', u'reputation': 29996, u'link': u'https://stackoverflow.com/users/3887516/amit', u'accept_rate': 83, u'display_name': u'Amit'}, u'is_accepted': True, u'last_edit_date': 1457729380, u'answer_id': 35949619}",1,300,257,0
76,0,False,"{u'question_id': 35944491, u'last_activity_date': 1457723416, u'creation_date': 1457711906, u'score': 35, u'owner': {u'user_id': 670396, u'profile_image': u'https://www.gravatar.com/avatar/545da9c5299e131c632f0914de5bd6d5?s=128&d=identicon&r=PG', u'user_type': u'registered', u'reputation': 60651, u'link': u'https://stackoverflow.com/users/670396/elclanrs', u'accept_rate': 87, u'display_name': u'elclanrs'}, u'is_accepted': True, u'last_edit_date': 1457723416, u'answer_id': 35944678}",1,300,257,0
77,0,False,"{u'question_id': 35939950, u'last_activity_date': 1457698911, u'creation_date': 1457698303, u'score': 13, u'owner': {u'user_id': 3751711, u'profile_image': u'https://i.stack.imgur.com/wGX8N.png?s=128&g=1', u'user_type': u'registered', u'reputation': 18745, u'link': u'https://stackoverflow.com/users/3751711/micronyks', u'accept_rate': 53, u'display_name': u'micronyks'}, u'is_accepted': True, u'last_edit_date': 1457698911, u'answer_id': 35939981}",1,300,257,0
78,0,False,"{u'question_id': 35932074, u'last_activity_date': 1457669577, u'creation_date': 1457669577, u'score': 127, u'owner': {u'user_id': 215945, u'profile_image': u'https://i.stack.imgur.com/203qt.png?s=128&g=1', u'user_type': u'registered', u'reputation': 241292, u'link': u'https://stackoverflow.com/users/215945/mark-rajcok', u'accept_rate': 100, u'display_name': u'Mark Rajcok'}, u'is_accepted': True, u'answer_id': 35932075}",1,300,257,0
79,0,False,"{u'question_id': 35925494, u'last_activity_date': 1457641924, u'creation_date': 1457641171, u'score': 36, u'owner': {u'user_id': 79566, u'profile_image': u'https://www.gravatar.com/avatar/edad7f3ab41c3bdfdf851759dce5c33b?s=128&d=identicon&r=PG', u'user_type': u'registered', u'reputation': 31433, u'link': u'https://stackoverflow.com/users/79566/bta', u'display_name': u'bta'}, u'is_accepted': True, u'last_edit_date': 1457641924, u'answer_id': 35926433}",1,300,257,0
80,0,False,"{u'question_id': 35917734, u'last_activity_date': 1457641648, u'creation_date': 1457617475, u'score': 15, u'owner': {u'user_id': 1946501, u'profile_image': u'https://i.stack.imgur.com/mRsBv.png?s=128&g=1', u'user_type': u'registered', u'reputation': 17745, u'link': u'https://stackoverflow.com/users/1946501/john-slegers', u'accept_rate': 86, u'display_name': u'John Slegers'}, u'is_accepted': True, u'last_edit_date': 1457641648, u'answer_id': 35918266}",1,300,257,0
81,0,False,"{u'question_id': 35924721, u'last_activity_date': 1457637541, u'creation_date': 1457637541, u'score': 37, u'owner': {u'user_id': 4896787, u'profile_image': u'https://i.stack.imgur.com/mMitz.jpg?s=128&g=1', u'user_type': u'registered', u'reputation': 2265, u'link': u'https://stackoverflow.com/users/4896787/joseph-roque', u'display_name': u'Joseph Roque'}, u'is_accepted': True, u'answer_id': 35925343}",1,300,257,0
82,0,False,"{u'question_id': 35903100, u'last_activity_date': 1457611858, u'creation_date': 1457611858, u'score': 50, u'owner': {u'user_id': 146737, u'profile_image': u'https://www.gravatar.com/avatar/8a7e159fad28f672ca794fb7f2bf7f0f?s=128&d=identicon&r=PG', u'user_type': u'registered', u'reputation': 20379, u'link': u'https://stackoverflow.com/users/146737/miles-sabin', u'accept_rate': 75, u'display_name': u'Miles Sabin'}, u'is_accepted': True, u'answer_id': 35916154}",1,300,257,0
83,0,False,"{u'question_id': 35907642, u'last_activity_date': 1457594360, u'creation_date': 1457594360, u'score': 39, u'owner': {u'user_id': 2556858, u'profile_image': u'https://graph.facebook.com/853215343/picture?type=large', u'user_type': u'registered', u'reputation': 977, u'link': u'https://stackoverflow.com/users/2556858/libin-joseph', u'accept_rate': 83, u'display_name': u'Libin Joseph'}, u'is_accepted': True, u'answer_id': 35910012}",1,300,257,0
84,0,False,"{u'question_id': 35890582, u'last_activity_date': 1457549858, u'creation_date': 1457549858, u'score': 38, u'owner': {u'user_id': 459897, u'profile_image': u'https://i.stack.imgur.com/mA4e2.jpg?s=128&g=1', u'user_type': u'registered', u'reputation': 96294, u'link': u'https://stackoverflow.com/users/459897/dr-molle', u'display_name': u'Dr.Molle'}, u'is_accepted': True, u'answer_id': 35900280}",1,300,257,0
85,0,False,"{u'question_id': 35899841, u'last_activity_date': 1457548943, u'creation_date': 1457548943, u'score': 9, u'owner': {u'user_id': 5993304, u'profile_image': u'https://i.stack.imgur.com/E8XNe.jpg?s=128&g=1', u'user_type': u'registered', u'reputation': 907, u'link': u'https://stackoverflow.com/users/5993304/sasha-kozachuk', u'display_name': u'Sasha Kozachuk'}, u'is_accepted': True, u'answer_id': 35899978}",1,300,257,0
86,0,False,"{u'question_id': 35838849, u'last_activity_date': 1457529386, u'creation_date': 1457360467, u'score': 20, u'owner': {u'user_id': 4774918, u'profile_image': u'https://i.stack.imgur.com/kQQAl.jpg?s=128&g=1', u'user_type': u'registered', u'reputation': 10185, u'link': u'https://stackoverflow.com/users/4774918/olaf', u'display_name': u'Olaf'}, u'is_accepted': True, u'last_edit_date': 1457529386, u'answer_id': 35846099}",1,300,257,0
87,0,False,"{u'question_id': 35861228, u'last_activity_date': 1457516331, u'creation_date': 1457516331, u'score': 12, u'owner': {u'user_id': 2099608, u'profile_image': u'https://www.gravatar.com/avatar/4757c721c76aa58673d341b41e329b6e?s=128&d=identicon&r=PG', u'user_type': u'registered', u'reputation': 541, u'link': u'https://stackoverflow.com/users/2099608/fazel', u'accept_rate': 100, u'display_name': u'FazeL'}, u'is_accepted': True, u'answer_id': 35887846}",1,300,257,0
88,0,False,"{u'question_id': 35882670, u'last_activity_date': 1457512377, u'creation_date': 1457512377, u'score': 63, u'owner': {u'user_id': 4496505, u'profile_image': u'https://lh6.googleusercontent.com/-zcyMm8egw6M/AAAAAAAAAAI/AAAAAAAAf1c/Y8Sqrj5Zaxo/photo.jpg?sz=128', u'user_type': u'registered', u'reputation': 1643, u'link': u'https://stackoverflow.com/users/4496505/gaurav-mukherjee', u'accept_rate': 86, u'display_name': u'Gaurav Mukherjee'}, u'is_accepted': True, u'answer_id': 35886534}",1,300,257,0
89,0,False,"{u'question_id': 35866847, u'last_activity_date': 1457445688, u'creation_date': 1457438981, u'score': 52, u'owner': {u'user_id': 2867928, u'profile_image': u'https://i.stack.imgur.com/HVps9.jpg?s=128&g=1', u'user_type': u'registered', u'reputation': 63168, u'link': u'https://stackoverflow.com/users/2867928/kasramvd', u'accept_rate': 90, u'display_name': u'Kasramvd'}, u'is_accepted': True, u'last_edit_date': 1457445688, u'answer_id': 35867020}",1,300,257,0
90,0,False,"{u'question_id': 35839913, u'last_activity_date': 1457438112, u'creation_date': 1457344538, u'score': 58, u'owner': {u'user_id': 743382, u'profile_image': u'https://i.stack.imgur.com/0O0i9.png?s=128&g=1', u'user_type': u'registered', u'reputation': 94510, u'link': u'https://stackoverflow.com/users/743382/hvd', u'accept_rate': 80, u'display_name': u'hvd'}, u'is_accepted': True, u'last_edit_date': 1457438112, u'answer_id': 35840647}",1,300,257,0
91,0,False,"{u'question_id': 35849970, u'last_activity_date': 1457378257, u'creation_date': 1457378257, u'score': 50, u'owner': {u'user_id': 930517, u'profile_image': u'https://www.gravatar.com/avatar/1070cbf307dce1511a72bd84e755f9b0?s=128&d=identicon&r=PG', u'user_type': u'registered', u'reputation': 2583, u'link': u'https://stackoverflow.com/users/930517/ashley-cptlemming-wilson', u'accept_rate': 43, u'display_name': u'Ashley &#39;CptLemming&#39; Wilson'}, u'is_accepted': True, u'answer_id': 35852089}",1,300,257,0
92,0,False,"{u'question_id': 35841117, u'last_activity_date': 1457374159, u'creation_date': 1457349593, u'score': 131, u'owner': {u'user_id': 809944, u'profile_image': u'https://www.gravatar.com/avatar/10467e82d1ff23f3be6ec26723a09101?s=128&d=identicon&r=PG', u'user_type': u'registered', u'reputation': 4632, u'link': u'https://stackoverflow.com/users/809944/mokagio', u'accept_rate': 59, u'display_name': u'mokagio'}, u'is_accepted': True, u'last_edit_date': 1495541444, u'answer_id': 35842359}",1,300,257,0
93,0,False,"{u'question_id': 35842955, u'last_activity_date': 1457355442, u'creation_date': 1457355442, u'score': 32, u'owner': {u'user_id': 5891747, u'profile_image': u'https://www.gravatar.com/avatar/97db4042b7434416e51fc9549db6a719?s=128&d=identicon&r=PG&f=1', u'user_type': u'registered', u'reputation': 1991, u'link': u'https://stackoverflow.com/users/5891747/android-geek', u'display_name': u'Android Geek'}, u'is_accepted': True, u'answer_id': 35844350}",1,300,257,0
94,0,False,"{u'question_id': 35840576, u'last_activity_date': 1457344383, u'creation_date': 1457344340, u'score': 27, u'owner': {u'user_id': 217408, u'profile_image': u'https://i.stack.imgur.com/IlnZm.jpg?s=128&g=1', u'user_type': u'registered', u'reputation': 191331, u'link': u'https://stackoverflow.com/users/217408/g%c3%bcnter-z%c3%b6chbauer', u'accept_rate': 98, u'display_name': u'G&#252;nter Z&#246;chbauer'}, u'is_accepted': True, u'last_edit_date': 1457344383, u'answer_id': 35840596}",1,300,257,0
95,0,False,"{u'question_id': 35835670, u'last_activity_date': 1457322256, u'creation_date': 1457322256, u'score': 22, u'owner': {u'user_id': 3225108, u'profile_image': u'https://i.stack.imgur.com/YaeMm.jpg?s=128&g=1', u'user_type': u'registered', u'reputation': 7425, u'link': u'https://stackoverflow.com/users/3225108/azium', u'accept_rate': 57, u'display_name': u'azium'}, u'is_accepted': True, u'answer_id': 35835834}",1,300,257,0
96,0,False,"{u'question_id': 35819290, u'last_activity_date': 1457259971, u'creation_date': 1457259971, u'score': 13, u'owner': {u'user_id': 1202206, u'profile_image': u'https://www.gravatar.com/avatar/367196e4e5f8a29446fb381b4048eda6?s=128&d=identicon&r=PG', u'user_type': u'registered', u'reputation': 1051, u'link': u'https://stackoverflow.com/users/1202206/pedja', u'accept_rate': 67, u'display_name': u'pedja'}, u'is_accepted': True, u'answer_id': 35825714}",1,300,257,0
97,0,False,"{u'question_id': 35815093, u'last_activity_date': 1457205936, u'creation_date': 1457204182, u'score': 17, u'owner': {u'user_id': 487339, u'profile_image': u'https://i.stack.imgur.com/wbe4o.png?s=128&g=1', u'user_type': u'registered', u'reputation': 149066, u'link': u'https://stackoverflow.com/users/487339/dsm', u'display_name': u'DSM'}, u'is_accepted': True, u'last_edit_date': 1457205936, u'answer_id': 35818398}",1,300,257,0
98,0,False,"{u'question_id': 35813344, u'last_activity_date': 1457187064, u'creation_date': 1457176711, u'score': 36, u'owner': {u'user_id': 157247, u'profile_image': u'https://www.gravatar.com/avatar/ca3e484c121268e4c8302616b2395eb9?s=128&d=identicon&r=PG', u'user_type': u'registered', u'reputation': 544293, u'link': u'https://stackoverflow.com/users/157247/t-j-crowder', u'accept_rate': 88, u'display_name': u'T.J. Crowder'}, u'is_accepted': True, u'last_edit_date': 1457187064, u'answer_id': 35813427}",1,300,257,0
0,0,False,"{u'question_id': 35922071, u'last_activity_date': 1484721337, u'creation_date': 1457627619, u'score': 21, u'owner': {u'user_id': 217408, u'profile_image': u'https://i.stack.imgur.com/IlnZm.jpg?s=128&g=1', u'user_type': u'registered', u'reputation': 191331, u'link': u'https://stackoverflow.com/users/217408/g%c3%bcnter-z%c3%b6chbauer', u'accept_rate': 98, u'display_name': u'G&#252;nter Z&#246;chbauer'}, u'is_accepted': True, u'last_edit_date': 1484721337, u'answer_id': 35922138}",1,300,257,0
1,0,False,"{u'question_id': 35983628, u'last_activity_date': 1483924645, u'creation_date': 1457951493, u'score': 36, u'owner': {u'user_id': 544825, u'profile_image': u'https://i.stack.imgur.com/UFdOO.png?s=128&g=1', u'user_type': u'registered', u'reputation': 30788, u'link': u'https://stackoverflow.com/users/544825/max', u'accept_rate': 96, u'display_name': u'max'}, u'is_accepted': True, u'last_edit_date': 1483924645, u'answer_id': 35985101}",1,300,257,0
2,0,False,"{u'question_id': 35975879, u'last_activity_date': 1481654402, u'creation_date': 1477254900, u'score': 17, u'owner': {u'user_id': 3415505, u'profile_image': u'https://i.stack.imgur.com/WqHbW.jpg?s=128&g=1', u'user_type': u'registered', u'reputation': 516, u'link': u'https://stackoverflow.com/users/3415505/baryo', u'accept_rate': 88, u'display_name': u'baryo'}, u'is_accepted': True, u'last_edit_date': 1481654402, u'answer_id': 40207535}",1,300,257,0
3,0,False,"{u'question_id': 35962754, u'last_activity_date': 1458661410, u'creation_date': 1457814177, u'score': 13, u'owner': {u'user_id': 5819286, u'profile_image': u'https://i.stack.imgur.com/caZMi.gif?s=128&g=1', u'user_type': u'registered', u'reputation': 885, u'link': u'https://stackoverflow.com/users/5819286/g-sylvie-davies', u'display_name': u'G. Sylvie Davies'}, u'is_accepted': True, u'last_edit_date': 1458661410, u'answer_id': 35962849}",1,300,257,0
4,0,False,"{u'question_id': 35935671, u'last_activity_date': 1457686341, u'creation_date': 1457686341, u'score': 21, u'owner': {u'user_id': 8922, u'profile_image': u'https://www.gravatar.com/avatar/f1634a09333f7b391db92e1d2bea6253?s=128&d=identicon&r=PG', u'user_type': u'registered', u'reputation': 40129, u'link': u'https://stackoverflow.com/users/8922/sebastian-redl', u'accept_rate': 80, u'display_name': u'Sebastian Redl'}, u'is_accepted': True, u'answer_id': 35935816}",1,300,257,0
